chr1	upstream_uORF	stop_codon	3671469	3671471	-	uORF-GCG-ENSMUST00000070533-1;chr1:3671469-3671498:-	ENSMUSG00000051951	ENSMUST00000070533	27	9	.hypothetical_start.	GCGGCGGCGGGCGAGCGGGCGCTGGAGTAG	AAAGERALE*
chr1	upstream_uORF	exon	3671469	3671498	-	uORF-GCG-ENSMUST00000070533-1;chr1:3671469-3671498:-	ENSMUSG00000051951	ENSMUST00000070533	27	9	.hypothetical_start.	GCGGCGGCGGGCGAGCGGGCGCTGGAGTAG	AAAGERALE*
chr1	overlapping_uORF	stop_codon	3671321	3671323	-	uORF-CGG-ENSMUST00000070533-2;chr1:3671321-3671497:-	ENSMUSG00000051951	ENSMUST00000070533	174	58	.hypothetical_start.	CGGCGGCGGGCGAGCGGGCGCTGGAGTAGGAGCTGGGGAGCGGCGCGGCCGGGGAAGGAAGCCAGGGCGAGGCGAGGAGGTGGCGGGAGGAGGAGACAGCAGGGACAGGTGTCAGATAAAGGAGTGCTCTCCTCCGCTGCCGAGGCATCATGGCCGCTAAGTCAGACGGGAGGCTGA	RRRASGRWSRSWGAARPGKEARARRGGGGRRRQQGQVSDKGVLSSAAEASWPLSQTGG*
chr1	overlapping_uORF	exon	3671321	3671497	-	uORF-CGG-ENSMUST00000070533-2;chr1:3671321-3671497:-	ENSMUSG00000051951	ENSMUST00000070533	174	58	.hypothetical_start.	CGGCGGCGGGCGAGCGGGCGCTGGAGTAGGAGCTGGGGAGCGGCGCGGCCGGGGAAGGAAGCCAGGGCGAGGCGAGGAGGTGGCGGGAGGAGGAGACAGCAGGGACAGGTGTCAGATAAAGGAGTGCTCTCCTCCGCTGCCGAGGCATCATGGCCGCTAAGTCAGACGGGAGGCTGA	RRRASGRWSRSWGAARPGKEARARRGGGGRRRQQGQVSDKGVLSSAAEASWPLSQTGG*
chr1	overlapping_uORF	stop_codon	3671338	3671340	-	uORF-GGC-ENSMUST00000070533-3;chr1:3671338-3671496:-	ENSMUSG00000051951	ENSMUST00000070533	156	52	.hypothetical_start.	GGCGGCGGGCGAGCGGGCGCTGGAGTAGGAGCTGGGGAGCGGCGCGGCCGGGGAAGGAAGCCAGGGCGAGGCGAGGAGGTGGCGGGAGGAGGAGACAGCAGGGACAGGTGTCAGATAAAGGAGTGCTCTCCTCCGCTGCCGAGGCATCATGGCCGCTAA	GGGRAGAGVGAGERRGRGRKPGRGEEVAGGGDSRDRCQIKECSPPLPRHHGR*
chr1	overlapping_uORF	exon	3671338	3671496	-	uORF-GGC-ENSMUST00000070533-3;chr1:3671338-3671496:-	ENSMUSG00000051951	ENSMUST00000070533	156	52	.hypothetical_start.	GGCGGCGGGCGAGCGGGCGCTGGAGTAGGAGCTGGGGAGCGGCGCGGCCGGGGAAGGAAGCCAGGGCGAGGCGAGGAGGTGGCGGGAGGAGGAGACAGCAGGGACAGGTGTCAGATAAAGGAGTGCTCTCCTCCGCTGCCGAGGCATCATGGCCGCTAA	GGGRAGAGVGAGERRGRGRKPGRGEEVAGGGDSRDRCQIKECSPPLPRHHGR*
chr1	overlapping_uORF	stop_codon	4352822	4352824	-	uORF-AGC-ENSMUST00000208660-2;chr1:4352822-4409240:-	ENSMUSG00000025900	ENSMUST00000208660	84	28	.hypothetical_start.	AGCTCAGCCTTTGCTCAGATTCTCCTCTTGATGAAACAAAGGGATTTCTGCACATGCTTGAGAAATTGCAGGTCTCACCCAAAATGA	SSAFAQILLLMKQRDFCTCLRNCRSHPK*
chr1	overlapping_uORF	exon	4409170	4409240	-	uORF-AGC-ENSMUST00000208660-2;chr1:4352822-4409240:-	ENSMUSG00000025900	ENSMUST00000208660	84	28	.hypothetical_start.	AGCTCAGCCTTTGCTCAGATTCTCCTCTTGATGAAACAAAGGGATTTCTGCACATGCTTGAGAAATTGCAGGTCTCACCCAAAATGA	SSAFAQILLLMKQRDFCTCLRNCRSHPK*
chr1	overlapping_uORF	exon	4352822	4352837	-	uORF-AGC-ENSMUST00000208660-2;chr1:4352822-4409240:-	ENSMUSG00000025900	ENSMUST00000208660	84	28	.hypothetical_start.	AGCTCAGCCTTTGCTCAGATTCTCCTCTTGATGAAACAAAGGGATTTCTGCACATGCTTGAGAAATTGCAGGTCTCACCCAAAATGA	SSAFAQILLLMKQRDFCTCLRNCRSHPK*
chr1	upstream_uORF	stop_codon	4409210	4409212	-	uORF-GCT-ENSMUST00000208660-3;chr1:4409210-4409239:-	ENSMUSG00000025900	ENSMUST00000208660	27	9	.hypothetical_start.	GCTCAGCCTTTGCTCAGATTCTCCTCTTGA	AQPLLRFSS*
chr1	upstream_uORF	exon	4409210	4409239	-	uORF-GCT-ENSMUST00000208660-3;chr1:4409210-4409239:-	ENSMUSG00000025900	ENSMUST00000208660	27	9	.hypothetical_start.	GCTCAGCCTTTGCTCAGATTCTCCTCTTGA	AQPLLRFSS*
chr1	overlapping_uORF	start_codon	4409208	4409210	-	uORF-ATG-ENSMUST00000208660-4;chr1:4352822-4409210:-	ENSMUSG00000025900	ENSMUST00000208660	54	18	.	ATGAAACAAAGGGATTTCTGCACATGCTTGAGAAATTGCAGGTCTCACCCAAAATGA	MKQRDFCTCLRNCRSHPK*
chr1	overlapping_uORF	stop_codon	4352822	4352824	-	uORF-ATG-ENSMUST00000208660-4;chr1:4352822-4409210:-	ENSMUSG00000025900	ENSMUST00000208660	54	18	.	ATGAAACAAAGGGATTTCTGCACATGCTTGAGAAATTGCAGGTCTCACCCAAAATGA	MKQRDFCTCLRNCRSHPK*
chr1	overlapping_uORF	exon	4409170	4409210	-	uORF-ATG-ENSMUST00000208660-4;chr1:4352822-4409210:-	ENSMUSG00000025900	ENSMUST00000208660	54	18	.	ATGAAACAAAGGGATTTCTGCACATGCTTGAGAAATTGCAGGTCTCACCCAAAATGA	MKQRDFCTCLRNCRSHPK*
chr1	overlapping_uORF	exon	4352822	4352837	-	uORF-ATG-ENSMUST00000208660-4;chr1:4352822-4409210:-	ENSMUSG00000025900	ENSMUST00000208660	54	18	.	ATGAAACAAAGGGATTTCTGCACATGCTTGAGAAATTGCAGGTCTCACCCAAAATGA	MKQRDFCTCLRNCRSHPK*
chr1	upstream_uORF	stop_codon	4360261	4360263	-	uORF-AAT-ENSMUST00000027032-1;chr1:4360261-4360314:-	ENSMUSG00000025900	ENSMUST00000027032	51	17	.hypothetical_start.	AATAAATCCAAAGACATTTGTTTACGTGAAACAAGCAGGTTGCATATCCAGTGA	NKSKDICLRETSRLHIQ*
chr1	upstream_uORF	exon	4360261	4360314	-	uORF-AAT-ENSMUST00000027032-1;chr1:4360261-4360314:-	ENSMUSG00000025900	ENSMUST00000027032	51	17	.hypothetical_start.	AATAAATCCAAAGACATTTGTTTACGTGAAACAAGCAGGTTGCATATCCAGTGA	NKSKDICLRETSRLHIQ*
chr1	upstream_uORF	stop_codon	4360218	4360220	-	uORF-ATA-ENSMUST00000027032-2;chr1:4360218-4360313:-	ENSMUSG00000025900	ENSMUST00000027032	93	31	.hypothetical_start.	ATAAATCCAAAGACATTTGTTTACGTGAAACAAGCAGGTTGCATATCCAGTGACGTTTATACAGACCACACAAACTATTTACTCTTTTCTTCGTAA	INPKTFVYVKQAGCISSDVYTDHTNYLLFSS*
chr1	upstream_uORF	exon	4360218	4360313	-	uORF-ATA-ENSMUST00000027032-2;chr1:4360218-4360313:-	ENSMUSG00000025900	ENSMUST00000027032	93	31	.hypothetical_start.	ATAAATCCAAAGACATTTGTTTACGTGAAACAAGCAGGTTGCATATCCAGTGACGTTTATACAGACCACACAAACTATTTACTCTTTTCTTCGTAA	INPKTFVYVKQAGCISSDVYTDHTNYLLFSS*
